<?xml version="1.0" encoding="UTF-8" standalone="yes"?>
<registration_data version="1.0">
   <environment>
      <hostname>OCTANIUM-PC</hostname>
      <hostId></hostId>
      <osName>Windows NT (unknown)</osName>
      <osVersion>6.2</osVersion>
      <osArchitecture>x86</osArchitecture>
      <systemModel>GA-78LMT-S2</systemModel>
      <systemManufacturer>Gigabyte Technology Co., Ltd.</systemManufacturer>
      <cpuManufacturer>AuthenticAMD</cpuManufacturer>
      <serialNumber>SerialNumber</serialNumber>
   </environment>
   <registry urn="urn:st:9dfcee3c-fc76-4d07-996c-322e79368486" version="1.0">
      <service_tag>
         <instance_urn>urn:st:dd56ab05-a6a4-4642-b48d-42602e635c2e</instance_urn>
         <product_name>J2SE 5.0 Runtime Environment</product_name>
         <product_version>1.5.0_22</product_version>
         <product_urn>urn:uuid:5c6686aa-fd05-46a6-ba3e-700e2d5f7043</product_urn>
         <product_parent_urn>urn:uuid:f3c20172-557a-11d7-93d0-d6a41ea318df</product_parent_urn>
         <product_parent>Java 2 Platform, Standard Edition 5.0</product_parent>
         <product_defined_inst_id>id=1.5.0_22-b03 x86,dir=C:\Program Files (x86)\Java\jre1.5.0_22</product_defined_inst_id>
         <product_vendor>Sun Microsystems</product_vendor>
         <platform_arch>x86</platform_arch>
         <timestamp>2015-08-09 09:59:06 GMT</timestamp>
         <container>global</container>
         <source>Windows JRE i586 installer</source>
         <installer_uid>-1</installer_uid>
      </service_tag>
   </registry>
</registration_data>
